76.000000	10097.422909	-3820.673087	-60729.130891	-58886.542486	-48334.842722	-187500.022352	-48704.831148	-54003.043950	-0.052000	0.880000	0.464000	192.000000	0.000000	0.000000	0.000000	0.000000	0.000000	0.000000	0.000000	0.000000	0.000000	1713063615.112047	0.000000
77.000000	9859.645052	-3825.836340	-60804.970360	-58833.390037	-49757.799477	-187500.022352	-50037.889187	-54284.877096	-0.052000	0.880000	0.464000	192.000000	0.000000	0.000000	0.000000	0.000000	0.000000	0.000000	0.000000	0.000000	0.000000	1713063615.116043	0.000000
78.000000	9547.167664	-3883.906172	-60779.601130	-58786.496077	-51352.216465	-187500.022352	-52050.417906	-54340.644698	-0.052000	0.880000	0.464000	192.000000	0.000000	0.000000	0.000000	0.000000	0.000000	0.000000	0.000000	0.000000	0.000000	1713063615.119112	0.000000
79.000000	9730.183748	-3886.543678	-60687.713109	-58823.845842	-50134.627537	-187500.022352	-51013.565184	-54088.628779	-0.052000	0.880000	0.464000	192.000000	0.000000	0.000000	0.000000	0.000000	0.000000	0.000000	0.000000	0.000000	0.000000	1713063615.123099	0.000000
80.000000	10052.562958	-3836.587529	-60701.750005	-58873.399660	-48317.609527	-187500.022352	-48841.936748	-54018.332543	-0.052000	0.880000	0.464000	192.000000	0.000000	0.000000	0.000000	0.000000	0.000000	0.000000	0.000000	0.000000	0.000000	1713063615.127105	0.000000
81.000000	9904.057968	-3824.629345	-60792.878067	-58831.132511	-49267.916294	-187500.022352	-49606.858147	-54279.736195	-0.052000	0.880000	0.464000	192.000000	0.000000	0.000000	0.000000	0.000000	0.000000	0.000000	0.000000	0.000000	0.000000	1713063615.131078	0.000000
82.000000	9552.107400	-3867.499991	-60785.233770	-58763.674946	-51172.351977	-187500.022352	-51879.851744	-54395.786452	-0.052000	0.880000	0.464000	192.000000	0.000000	0.000000	0.000000	0.000000	0.000000	0.000000	0.000000	0.000000	0.000000	1713063615.136092	0.000000
83.000000	9643.570738	-3878.295884	-60685.321472	-58777.868304	-50456.202085	-187500.022352	-51436.884873	-54160.802562	-0.082000	0.868000	0.484000	192.000000	253.000000	112.000000	27.000000	32.000000	15.000000	32.000000	0.000000	0.000000	0.000000	1713063615.140076	0.000000
84.000000	9995.051920	-3831.558386	-60672.804495	-58827.198604	-48413.498511	-187500.022352	-49108.503653	-54018.131377	-0.082000	0.868000	0.484000	192.000000	0.000000	0.000000	0.000000	0.000000	0.000000	0.000000	0.000000	0.000000	0.000000	1713063615.143105	0.000000
85.000000	9944.648736	-3800.221241	-60753.382534	-58799.996531	-48821.887233	-187500.022352	-49244.938701	-54237.670212	-0.082000	0.868000	0.484000	192.000000	0.000000	0.000000	0.000000	0.000000	0.000000	0.000000	0.000000	0.000000	0.000000	1713063615.147129	0.000000
86.000000	9562.098630	-3850.132686	-60781.635139	-58747.492283	-50901.918221	-187500.022352	-51602.623058	-54427.637688	-0.082000	0.868000	0.484000	192.000000	0.000000	0.000000	0.000000	0.000000	0.000000	0.000000	0.000000	0.000000	0.000000	1713063615.151148	0.000000
87.000000	9553.828484	-3880.240486	-60704.700435	-58760.523350	-50752.988547	-187500.022352	-51783.716891	-54254.858703	-0.082000	0.868000	0.484000	192.000000	0.000000	0.000000	0.000000	0.000000	0.000000	0.000000	0.000000	0.000000	0.000000	1713063615.155110	0.000000
88.000000	9918.206622	-3839.359145	-60675.799629	-58820.493081	-48653.511543	-187500.022352	-49480.079052	-54070.479163	-0.082000	0.868000	0.484000	192.000000	0.000000	0.000000	0.000000	0.000000	0.000000	0.000000	0.000000	0.000000	0.000000	1713063615.159197	0.000000
89.000000	9969.213303	-3799.885964	-60749.515682	-58810.144223	-48511.756779	-187500.022352	-49002.534032	-54237.491398	-0.082000	0.868000	0.484000	192.000000	0.000000	0.000000	0.000000	0.000000	0.000000	0.000000	0.000000	0.000000	0.000000	1713063615.164168	0.000000
90.000000	9602.711749	-3827.110389	-60787.111317	-58732.717780	-50586.423348	-187500.022352	-51261.021347	-54447.173112	-0.082000	0.868000	0.484000	192.000000	0.000000	0.000000	0.000000	0.000000	0.000000	0.000000	0.000000	0.000000	0.000000	1713063615.168164	0.000000
91.000000	9484.292207	-3878.005311	-60735.590546	-58737.925737	-50996.890783	-187500.022352	-52037.140970	-54326.786617	-0.082000	0.868000	0.484000	192.000000	0.000000	0.000000	0.000000	0.000000	0.000000	0.000000	0.000000	0.000000	0.000000	1713063615.171115	0.000000
92.000000	9828.598479	-3851.719660	-60685.075603	-58798.901296	-48972.761509	-187500.022352	-49904.203403	-54097.927105	-0.082000	0.868000	0.484000	192.000000	0.000000	0.000000	0.000000	0.000000	0.000000	0.000000	0.000000	0.000000	0.000000	1713063615.175169	0.000000
93.000000	9974.421260	-3806.926764	-60742.452531	-58800.287104	-48258.198590	-187500.022352	-48827.542225	-54199.068749	-0.094000	0.870000	0.488000	192.000000	253.000000	16.000000	27.000000	48.000000	15.000000	64.000000	0.000000	0.000000	0.000000	1713063615.180204	0.000000
94.000000	9638.206320	-3824.986973	-60806.020892	-58728.336838	-50186.148308	-187500.022352	-50854.554874	-54444.423848	-0.094000	0.870000	0.488000	192.000000	0.000000	0.000000	0.000000	0.000000	0.000000	0.000000	0.000000	0.000000	0.000000	1713063615.183262	0.000000
95.000000	9434.894852	-3873.959646	-60765.318366	-58711.908306	-51139.003174	-187500.022352	-52214.747931	-54379.402623	-0.094000	0.870000	0.488000	192.000000	0.000000	0.000000	0.000000	0.000000	0.000000	0.000000	0.000000	0.000000	0.000000	1713063615.187175	0.000000
96.000000	9733.871786	-3862.470849	-60705.303932	-58776.348385	-49328.377763	-187500.022352	-50412.057389	-54122.938707	-0.094000	0.870000	0.488000	192.000000	0.000000	0.000000	0.000000	0.000000	0.000000	0.000000	0.000000	0.000000	0.000000	1713063615.191180	0.000000
97.000000	9961.010213	-3823.914090	-60760.848017	-58810.278333	-48090.582858	-187500.022352	-48825.619975	-54158.902664	-0.094000	0.870000	0.488000	192.000000	0.000000	0.000000	0.000000	0.000000	0.000000	0.000000	0.000000	0.000000	0.000000	1713063615.195208	0.000000
98.000000	9688.385986	-3828.160921	-60832.775930	-58754.711897	-49709.832634	-187500.022352	-50452.201122	-54421.669772	-0.094000	0.870000	0.488000	192.000000	0.000000	0.000000	0.000000	0.000000	0.000000	0.000000	0.000000	0.000000	0.000000	1713063615.199190	0.000000
99.000000	9412.364294	-3877.558276	-60808.390177	-58715.261068	-51131.783561	-187500.022352	-52281.311426	-54418.764045	-0.094000	0.870000	0.488000	192.000000	0.000000	0.000000	0.000000	0.000000	0.000000	0.000000	0.000000	0.000000	0.000000	1713063615.203210	0.000000
100.000000	9648.197549	-3876.038358	-60744.821816	-58756.231815	-49679.881296	-187500.022352	-50979.009387	-54150.274891	-0.094000	0.870000	0.488000	192.000000	0.000000	0.000000	0.000000	0.000000	0.000000	0.000000	0.000000	0.000000	0.000000	1713063615.208298	0.000000
101.000000	9956.651623	-3823.131779	-60770.213398	-58795.056795	-47988.904773	-187500.022352	-49035.704021	-54109.907640	-0.094000	0.870000	0.488000	192.000000	0.000000	0.000000	0.000000	0.000000	0.000000	0.000000	0.000000	0.000000	0.000000	1713063615.211234	0.000000
102.000000	9760.179789	-3810.301877	-60835.681657	-58744.608908	-49169.926246	-187500.022352	-50211.048151	-54372.183010	-0.094000	0.870000	0.488000	192.000000	0.000000	0.000000	0.000000	0.000000	0.000000	0.000000	0.000000	0.000000	0.000000	1713063615.214184	0.000000
103.000000	9415.426483	-3869.489297	-60819.342532	-58699.368977	-50980.372844	-187500.022352	-52428.743533	-54465.367432	-0.092000	0.876000	0.490000	192.000000	253.000000	32.000000	27.000000	96.000000	15.000000	80.000000	0.000000	0.000000	0.000000	1713063615.219230	0.000000
104.000000	9559.014089	-3889.896439	-60751.706153	-58737.612812	-50012.430550	-187500.022352	-51723.590699	-54254.255206	-0.092000	0.876000	0.490000	192.000000	0.000000	0.000000	0.000000	0.000000	0.000000	0.000000	0.000000	0.000000	0.000000	1713063615.223256	0.000000
105.000000	9910.517622	-3843.762439	-60769.922825	-58788.306569	-48019.504311	-187500.022352	-49599.996161	-54171.062013	-0.092000	0.876000	0.490000	192.000000	0.000000	0.000000	0.000000	0.000000	0.000000	0.000000	0.000000	0.000000	0.000000	1713063615.227206	0.000000
106.000000	9814.293362	-3815.174558	-60833.737056	-58744.340687	-48698.639715	-187500.022352	-50263.507696	-54410.046865	-0.092000	0.876000	0.490000	192.000000	0.000000	0.000000	0.000000	0.000000	0.000000	0.000000	0.000000	0.000000	0.000000	1713063615.231243	0.000000
107.000000	9430.335096	-3868.997558	-60848.310393	-58690.249466	-50757.704766	-187500.022352	-52680.044196	-54562.642224	-0.092000	0.876000	0.490000	192.000000	0.000000	0.000000	0.000000	0.000000	0.000000	0.000000	0.000000	0.000000	0.000000	1713063615.235261	0.000000
108.000000	9466.030832	-3904.447425	-60802.466965	-58723.888841	-50329.937080	-187500.022352	-52557.824857	-54379.290864	-0.092000	0.876000	0.490000	192.000000	0.000000	0.000000	0.000000	0.000000	0.000000	0.000000	0.000000	0.000000	0.000000	1713063615.238264	0.000000
109.000000	9837.270956	-3857.531113	-60799.181259	-58776.348385	-48188.841127	-187500.022352	-50395.092415	-54234.697430	-0.092000	0.876000	0.490000	192.000000	0.000000	0.000000	0.000000	0.000000	0.000000	0.000000	0.000000	0.000000	0.000000	1713063615.242278	0.000000
110.000000	9831.839482	-3820.158997	-60865.565940	-58751.806170	-48289.535736	-187500.022352	-50486.287533	-54438.925319	-0.092000	0.876000	0.490000	192.000000	0.000000	0.000000	0.000000	0.000000	0.000000	0.000000	0.000000	0.000000	0.000000	1713063615.248256	0.000000
111.000000	9443.477922	-3861.800297	-60886.911856	-58690.920018	-50423.702648	-187500.022352	-52897.884297	-54654.463190	-0.092000	0.876000	0.490000	192.000000	0.000000	0.000000	0.000000	0.000000	0.000000	0.000000	0.000000	0.000000	0.000000	1713063615.251306	0.000000
112.000000	9385.542200	-3905.676771	-60840.822559	-58697.782004	-50568.385490	-187500.022352	-53335.307936	-54530.567471	-0.092000	0.876000	0.490000	192.000000	0.000000	0.000000	0.000000	0.000000	0.000000	0.000000	0.000000	0.000000	0.000000	1713063615.255302	0.000000
113.000000	9757.341118	-3869.735166	-60828.752616	-58751.292080	-48420.114627	-187500.022352	-51228.991297	-54354.458076	-0.100000	0.872000	0.486000	192.000000	252.000000	224.000000	27.000000	64.000000	15.000000	48.000000	0.000000	0.000000	0.000000	1713063615.261281	0.000000
114.000000	9845.295232	-3835.313479	-60904.390920	-58766.513618	-47916.999211	-187500.022352	-50696.863317	-54518.631639	-0.100000	0.872000	0.486000	192.000000	0.000000	0.000000	0.000000	0.000000	0.000000	0.000000	0.000000	0.000000	0.000000	1713063615.264299	0.000000
115.000000	9480.134783	-3856.972320	-60937.136225	-58697.670245	-49976.779518	-187500.022352	-52925.287536	-54759.315224	-0.100000	0.872000	0.486000	192.000000	0.000000	0.000000	0.000000	0.000000	0.000000	0.000000	0.000000	0.000000	0.000000	1713063615.267353	0.000000
116.000000	9321.370342	-3904.536832	-60904.390920	-58689.444803	-50721.114960	-187500.022352	-53896.739053	-54688.214324	-0.100000	0.872000	0.486000	192.000000	0.000000	0.000000	0.000000	0.000000	0.000000	0.000000	0.000000	0.000000	0.000000	1713063615.271324	0.000000
117.000000	9661.385079	-3871.970340	-60875.177190	-58742.664306	-48747.053593	-187500.022352	-52023.729923	-54479.672549	-0.100000	0.872000	0.486000	192.000000	0.000000	0.000000	0.000000	0.000000	0.000000	0.000000	0.000000	0.000000	0.000000	1713063615.275350	0.000000
118.000000	9840.735476	-3825.054029	-60932.218842	-58748.676926	-47684.026978	-187500.022352	-51017.700257	-54559.334166	-0.100000	0.872000	0.486000	192.000000	0.000000	0.000000	0.000000	0.000000	0.000000	0.000000	0.000000	0.000000	0.000000	1713063615.279303	0.000000
119.000000	9514.981152	-3837.772171	-60971.446153	-58675.430259	-49485.622285	-187500.022352	-52965.408917	-54808.019675	-0.100000	0.872000	0.486000	192.000000	0.000000	0.000000	0.000000	0.000000	0.000000	0.000000	0.000000	0.000000	0.000000	1713063615.283361	0.000000
120.000000	9267.010899	-3885.917829	-60931.280068	-58648.786980	-50747.065335	-187500.022352	-54399.832118	-54801.492965	-0.100000	0.872000	0.486000	192.000000	0.000000	0.000000	0.000000	0.000000	0.000000	0.000000	0.000000	0.000000	0.000000	1713063615.286380	0.000000
121.000000	9537.779932	-3880.486355	-60888.767050	-58706.298018	-49102.178109	-187500.022352	-52876.560733	-54601.288390	-0.100000	0.872000	0.486000	192.000000	0.000000	0.000000	0.000000	0.000000	0.000000	0.000000	0.000000	0.000000	0.000000	1713063615.290318	0.000000
122.000000	9809.823014	-3825.568119	-60935.146920	-58740.295022	-47579.130242	-187500.022352	-51451.659376	-54636.067705	-0.100000	0.872000	0.486000	192.000000	0.000000	0.000000	0.000000	0.000000	0.000000	0.000000	0.000000	0.000000	0.000000	1713063615.294369	0.000000
123.000000	9567.194827	-3816.001572	-60992.233275	-58679.833553	-49006.847919	-187500.022352	-52990.085243	-54881.668673	-0.118000	0.890000	0.488000	192.000000	252.000000	80.000000	27.000000	208.000000	15.000000	64.000000	0.000000	0.000000	0.000000	1713063615.298363	0.000000
124.000000	9251.476437	-3867.879971	-60969.769772	-58633.744256	-50688.704930	-187500.022352	-54754.978985	-54919.130196	-0.118000	0.890000	0.488000	192.000000	0.000000	0.000000	0.000000	0.000000	0.000000	0.000000	0.000000	0.000000	0.000000	1713063615.303358	0.000000
125.000000	9451.412791	-3869.757518	-60930.609516	-58670.311710	-49470.646616	-187500.022352	-53608.110977	-54711.415435	-0.118000	0.890000	0.488000	192.000000	0.000000	0.000000	0.000000	0.000000	0.000000	0.000000	0.000000	0.000000	0.000000	1713063615.307353	0.000000
126.000000	9785.504316	-3818.773188	-60974.620101	-58720.200803	-47600.073826	-187500.022352	-51820.776084	-54683.766327	-0.118000	0.890000	0.488000	192.000000	0.000000	0.000000	0.000000	0.000000	0.000000	0.000000	0.000000	0.000000	0.000000	1713063615.311418	0.000000
127.000000	9629.489139	-3797.762549	-61044.335192	-58675.027928	-48542.669242	-187500.022352	-52858.388765	-54913.743426	-0.118000	0.890000	0.488000	192.000000	0.000000	0.000000	0.000000	0.000000	0.000000	0.000000	0.000000	0.000000	0.000000	1713063615.314409	0.000000
128.000000	9268.441411	-3839.672070	-61048.760837	-58617.941572	-50529.873434	-187500.022352	-54904.959190	-55001.429320	-0.118000	0.890000	0.488000	192.000000	0.000000	0.000000	0.000000	0.000000	0.000000	0.000000	0.000000	0.000000	0.000000	1713063615.318385	0.000000
129.000000	9376.422689	-3861.554427	-61013.869764	-58649.010497	-49829.749743	-187500.022352	-54248.130828	-54800.531840	-0.118000	0.890000	0.488000	192.000000	0.000000	0.000000	0.000000	0.000000	0.000000	0.000000	0.000000	0.000000	0.000000	1713063615.322391	0.000000
130.000000	9746.835798	-3822.885909	-61036.623840	-58705.314541	-47718.761589	-187500.022352	-52218.346562	-54684.481583	-0.118000	0.890000	0.488000	192.000000	0.000000	0.000000	0.000000	0.000000	0.000000	0.000000	0.000000	0.000000	0.000000	1713063615.326418	0.000000
131.000000	9685.636721	-3801.539993	-61107.769443	-58689.668320	-48097.266030	-187500.022352	-52706.910992	-54877.041862	-0.118000	0.890000	0.488000	192.000000	0.000000	0.000000	0.000000	0.000000	0.000000	0.000000	0.000000	0.000000	0.000000	1713063615.331408	0.000000
132.000000	9302.863098	-3844.432991	-61104.886067	-58630.436198	-50260.221989	-187500.022352	-54946.824008	-55016.628506	-0.118000	0.890000	0.488000	192.000000	0.000000	0.000000	0.000000	0.000000	0.000000	0.000000	0.000000	0.000000	0.000000	1713063615.335424	0.000000
133.000000	9313.547231	-3877.401814	-61038.456683	-58639.063971	-50132.548825	-187500.022352	-54873.353824	-54836.339335	-0.082000	0.882000	0.500000	192.000000	253.000000	112.000000	27.000000	144.000000	15.000000	160.000000	0.000000	0.000000	0.000000	1713063615.339408	0.000000
134.000000	9702.422881	-3840.789657	-61029.583040	-58691.121184	-47915.099313	-187500.022352	-52788.360749	-54672.121068	-0.082000	0.882000	0.500000	192.000000	0.000000	0.000000	0.000000	0.000000	0.000000	0.000000	0.000000	0.000000	0.000000	1713063615.343446	0.000000
135.000000	9759.375126	-3796.577906	-61089.329253	-58681.912265	-47698.667371	-187500.022352	-52738.203435	-54828.717390	-0.082000	0.882000	0.500000	192.000000	0.000000	0.000000	0.000000	0.000000	0.000000	0.000000	0.000000	0.000000	0.000000	1713063615.346454	0.000000
136.000000	9386.458622	-3826.126912	-61117.358341	-58621.786072	-49855.901284	-187500.022352	-54944.991165	-55027.223233	-0.082000	0.882000	0.500000	192.000000	0.000000	0.000000	0.000000	0.000000	0.000000	0.000000	0.000000	0.000000	0.000000	1713063615.350444	0.000000
137.000000	9279.460821	-3882.609771	-61091.497373	-58632.358448	-50342.297595	-187500.022352	-55408.186365	-54949.170941	-0.082000	0.882000	0.500000	192.000000	0.000000	0.000000	0.000000	0.000000	0.000000	0.000000	0.000000	0.000000	0.000000	1713063615.354461	0.000000
138.000000	9639.055686	-3854.781849	-61053.857035	-58682.471059	-48252.253026	-187500.022352	-53374.289378	-54803.661085	-0.082000	0.882000	0.500000	192.000000	0.000000	0.000000	0.000000	0.000000	0.000000	0.000000	0.000000	0.000000	0.000000	1713063615.360499	0.000000
139.000000	9774.931940	-3808.223165	-61077.348718	-58685.488544	-47478.525040	-187500.022352	-52684.760414	-54958.491618	-0.082000	0.882000	0.500000	192.000000	0.000000	0.000000	0.000000	0.000000	0.000000	0.000000	0.000000	0.000000	0.000000	1713063615.363500	0.000000
140.000000	9416.454663	-3825.992802	-61093.352567	-58624.758854	-49458.420212	-187500.022352	-54728.492168	-55211.356903	-0.082000	0.882000	0.500000	192.000000	0.000000	0.000000	0.000000	0.000000	0.000000	0.000000	0.000000	0.000000	0.000000	1713063615.367505	0.000000
141.000000	9222.352114	-3870.249256	-61044.692820	-58582.089374	-50441.606395	-187500.022352	-55699.921334	-55174.364766	-0.082000	0.882000	0.500000	192.000000	0.000000	0.000000	0.000000	0.000000	0.000000	0.000000	0.000000	0.000000	0.000000	1713063615.370499	0.000000
142.000000	9537.221138	-3860.794468	-61020.999971	-58633.811311	-48486.923991	-187500.022352	-53947.075182	-55031.358305	-0.082000	0.882000	0.500000	192.000000	0.000000	0.000000	0.000000	0.000000	0.000000	0.000000	0.000000	0.000000	0.000000	1713063615.374478	0.000000
143.000000	9768.807562	-3815.800406	-61075.828800	-58669.887027	-47033.747677	-187500.022352	-52844.843608	-55147.810894	-0.090000	0.862000	0.496000	192.000000	253.000000	48.000000	26.000000	240.000000	15.000000	128.000000	0.000000	0.000000	0.000000	1713063615.378523	0.000000
144.000000	9477.676091	-3820.896604	-61111.882164	-58615.751101	-48683.172307	-187500.022352	-54519.436302	-55415.562441	-0.090000	0.862000	0.496000	192.000000	0.000000	0.000000	0.000000	0.000000	0.000000	0.000000	0.000000	0.000000	0.000000	1713063615.382536	0.000000
145.000000	9200.469756	-3872.015044	-61070.240864	-58572.388717	-50254.008204	-187500.022352	-55828.309754	-55456.041450	-0.090000	0.862000	0.496000	192.000000	0.000000	0.000000	0.000000	0.000000	0.000000	0.000000	0.000000	0.000000	0.000000	1713063615.387497	0.000000
146.000000	9460.018213	-3861.755593	-61039.060180	-58600.753081	-48749.020547	-187500.022352	-54372.674748	-55307.201184	-0.090000	0.862000	0.496000	192.000000	0.000000	0.000000	0.000000	0.000000	0.000000	0.000000	0.000000	0.000000	0.000000	1713063615.390509	0.000000
147.000000	9780.765746	-3801.294124	-61090.089213	-58627.597526	-46892.350542	-187500.022352	-52888.317750	-55333.531539	-0.090000	0.862000	0.496000	192.000000	0.000000	0.000000	0.000000	0.000000	0.000000	0.000000	0.000000	0.000000	0.000000	1713063615.393540	0.000000
148.000000	9575.822601	-3795.683836	-61163.224121	-58586.291502	-48094.382655	-187500.022352	-54160.556693	-55566.839047	-0.090000	0.862000	0.496000	192.000000	0.000000	0.000000	0.000000	0.000000	0.000000	0.000000	0.000000	0.000000	0.000000	1713063615.398504	0.000000
149.000000	9240.009992	-3855.810029	-61167.202731	-58551.445133	-50052.328414	-187500.022352	-55800.548887	-55644.421952	-0.090000	0.862000	0.496000	192.000000	0.000000	0.000000	0.000000	0.000000	0.000000	0.000000	0.000000	0.000000	0.000000	1713063615.402551	0.000000
150.000000	9416.141738	-3868.706986	-61127.304867	-58581.664691	-49081.547449	-187500.022352	-54770.424041	-55500.476718	-0.090000	0.862000	0.496000	192.000000	0.000000	0.000000	0.000000	0.000000	0.000000	0.000000	0.000000	0.000000	0.000000	1713063615.406573	0.000000
151.000000	9781.257484	-3820.114293	-61161.145408	-58629.676238	-46933.388344	-187500.022352	-52989.995836	-55483.891724	-0.090000	0.862000	0.496000	192.000000	0.000000	0.000000	0.000000	0.000000	0.000000	0.000000	0.000000	0.000000	0.000000	1713063615.410568	0.000000
152.000000	9672.113916	-3802.791691	-61239.644735	-58603.994084	-47575.598666	-187500.022352	-53795.128023	-55701.575363	-0.090000	0.862000	0.496000	192.000000	0.000000	0.000000	0.000000	0.000000	0.000000	0.000000	0.000000	0.000000	0.000000	1713063615.415548	0.000000
153.000000	9314.262487	-3843.091886	-61247.512549	-58540.693944	-49777.536068	-187500.022352	-55692.478203	-55803.901649	-0.166000	0.844000	0.490000	192.000000	250.000000	208.000000	26.000000	96.000000	15.000000	80.000000	0.000000	0.000000	0.000000	1713063615.418565	0.000000
154.000000	9394.862878	-3865.197762	-61227.351275	-58550.416952	-49400.529194	-187500.022352	-55152.616519	-55675.870857	-0.166000	0.844000	0.490000	192.000000	0.000000	0.000000	0.000000	0.000000	0.000000	0.000000	0.000000	0.000000	0.000000	1713063615.421521	0.000000
155.000000	9798.468327	-3810.950078	-61264.186950	-58588.996063	-47117.298498	-187500.022352	-53179.069242	-55604.501737	-0.166000	0.844000	0.490000	192.000000	0.000000	0.000000	0.000000	0.000000	0.000000	0.000000	0.000000	0.000000	0.000000	1713063615.426563	0.000000
156.000000	9799.518859	-3778.920028	-61363.607510	-58580.033014	-47150.848466	-187500.022352	-53441.545778	-55786.534344	-0.166000	0.844000	0.490000	192.000000	0.000000	0.000000	0.000000	0.000000	0.000000	0.000000	0.000000	0.000000	0.000000	1713063615.430590	0.000000
157.000000	9430.268041	-3820.941308	-61398.029196	-58516.509356	-49415.147235	-187500.022352	-55437.288336	-55927.618555	-0.166000	0.844000	0.490000	192.000000	0.000000	0.000000	0.000000	0.000000	0.000000	0.000000	0.000000	0.000000	0.000000	1713063615.434596	0.000000
158.000000	9396.293389	-3872.797355	-61371.274158	-58529.093388	-49666.291436	-187500.022352	-55427.431217	-55848.605138	-0.166000	0.844000	0.490000	192.000000	0.000000	0.000000	0.000000	0.000000	0.000000	0.000000	0.000000	0.000000	0.000000	1713063615.438575	0.000000
159.000000	9793.595647	-3839.023869	-61349.369448	-58579.742441	-47435.162656	-187500.022352	-53420.065751	-55753.587872	-0.166000	0.844000	0.490000	192.000000	0.000000	0.000000	0.000000	0.000000	0.000000	0.000000	0.000000	0.000000	0.000000	1713063615.443614	0.000000
160.000000	9906.091977	-3802.344656	-61394.765841	-58583.229313	-46879.431233	-187500.022352	-53137.718515	-55897.555458	-0.166000	0.844000	0.490000	192.000000	0.000000	0.000000	0.000000	0.000000	0.000000	0.000000	0.000000	0.000000	0.000000	1713063615.446625	0.000000
161.000000	9559.192903	-3842.130761	-61412.289609	-58535.530691	-49031.792466	-187500.022352	-55099.665236	-56069.418021	-0.166000	0.844000	0.490000	192.000000	0.000000	0.000000	0.000000	0.000000	0.000000	0.000000	0.000000	0.000000	0.000000	1713063615.449593	0.000000
162.000000	9442.695611	-3890.745806	-61350.442332	-58521.337333	-49872.352168	-187500.022352	-55627.456978	-55980.882762	-0.166000	0.844000	0.490000	192.000000	0.000000	0.000000	0.000000	0.000000	0.000000	0.000000	0.000000	0.000000	0.000000	1713063615.454638	0.000000
163.000000	9802.603400	-3877.334759	-61316.892364	-58573.640415	-47888.880716	-187500.022352	-53745.462447	-55812.730588	-0.144000	0.832000	0.490000	192.000000	251.000000	128.000000	26.000000	0.000000	15.000000	80.000000	0.000000	0.000000	0.000000	1713063615.458632	0.000000
164.000000	10015.034379	-3832.966546	-61352.230472	-58592.326473	-46834.548930	-187500.022352	-52940.553777	-55862.843199	-0.144000	0.832000	0.490000	192.000000	0.000000	0.000000	0.000000	0.000000	0.000000	0.000000	0.000000	0.000000	0.000000	1713063615.462653	0.000000
165.000000	9720.214870	-3851.831418	-61387.099193	-58535.575394	-48756.776602	-187500.022352	-54713.784720	-56004.352093	-0.144000	0.832000	0.490000	192.000000	0.000000	0.000000	0.000000	0.000000	0.000000	0.000000	0.000000	0.000000	0.000000	1713063615.466697	0.000000
166.000000	9499.536097	-3914.036323	-61354.443294	-58511.413158	-50108.274830	-187500.022352	-55712.818290	-55916.912069	-0.144000	0.832000	0.490000	192.000000	0.000000	0.000000	0.000000	0.000000	0.000000	0.000000	0.000000	0.000000	0.000000	1713063615.469661	0.000000
167.000000	9788.499449	-3910.750617	-61316.624143	-58562.844522	-48494.031846	-187500.022352	-54108.499480	-55681.168220	-0.144000	0.832000	0.490000	192.000000	0.000000	0.000000	0.000000	0.000000	0.000000	0.000000	0.000000	0.000000	0.000000	1713063615.473598	0.000000
168.000000	10064.074107	-3866.091831	-61363.674565	-58597.780299	-47047.404593	-187500.022352	-52901.326466	-55654.949624	-0.144000	0.832000	0.490000	192.000000	0.000000	0.000000	0.000000	0.000000	0.000000	0.000000	0.000000	0.000000	0.000000	1713063615.477657	0.000000
169.000000	9834.186415	-3878.564105	-61424.851289	-58564.073868	-48606.304658	-187500.022352	-54387.136327	-55825.582841	-0.144000	0.832000	0.490000	192.000000	0.000000	0.000000	0.000000	0.000000	0.000000	0.000000	0.000000	0.000000	0.000000	1713063615.481682	0.000000
170.000000	9549.179321	-3944.792324	-61405.449975	-58534.614269	-50362.011833	-187500.022352	-55804.773367	-55790.714120	-0.144000	0.832000	0.490000	192.000000	0.000000	0.000000	0.000000	0.000000	0.000000	0.000000	0.000000	0.000000	0.000000	1713063615.486669	0.000000
171.000000	9770.126315	-3950.983757	-61334.662000	-58577.641377	-49184.544287	-187500.022352	-54559.915311	-55513.440730	-0.144000	0.832000	0.490000	192.000000	0.000000	0.000000	0.000000	0.000000	0.000000	0.000000	0.000000	0.000000	0.000000	1713063615.490633	0.000000
172.000000	10106.363607	-3904.022742	-61338.417094	-58633.341924	-47422.533920	-187500.022352	-52984.854935	-55424.659601	-0.144000	0.832000	0.490000	192.000000	0.000000	0.000000	0.000000	0.000000	0.000000	0.000000	0.000000	0.000000	0.000000	1713063615.494706	0.000000
173.000000	9954.997594	-3901.765216	-61403.661836	-58617.382779	-48495.819985	-187500.022352	-54037.063305	-55627.993420	-0.088000	0.856000	0.470000	192.000000	253.000000	64.000000	26.000000	192.000000	14.000000	176.000000	0.000000	0.000000	0.000000	1713063615.497689	0.000000
174.000000	9615.809872	-3964.506562	-61401.784289	-58580.591807	-50491.540193	-187500.022352	-55739.170997	-55685.973845	-0.088000	0.856000	0.470000	192.000000	0.000000	0.000000	0.000000	0.000000	0.000000	0.000000	0.000000	0.000000	0.000000	1713063615.502707	0.000000
175.000000	9736.352829	-3981.873868	-61341.166358	-58598.182630	-49777.111385	-187500.022352	-54913.966943	-55438.271813	-0.088000	0.856000	0.470000	192.000000	0.000000	0.000000	0.000000	0.000000	0.000000	0.000000	0.000000	0.000000	0.000000	1713063615.506721	0.000000
176.000000	10107.145918	-3925.882748	-61343.312126	-58644.540148	-47759.441764	-187500.022352	-53097.150099	-55289.967989	-0.088000	0.856000	0.470000	192.000000	0.000000	0.000000	0.000000	0.000000	0.000000	0.000000	0.000000	0.000000	0.000000	1713063615.509700	0.000000
177.000000	10054.932243	-3902.592230	-61409.786214	-58632.850186	-48256.209285	-187500.022352	-53679.234228	-55464.333947	-0.088000	0.856000	0.470000	192.000000	0.000000	0.000000	0.000000	0.000000	0.000000	0.000000	0.000000	0.000000	0.000000	1713063615.514709	0.000000
178.000000	9689.794146	-3956.795210	-61402.633655	-58593.734633	-50380.049691	-187500.022352	-55578.059623	-55588.386129	-0.088000	0.856000	0.470000	192.000000	0.000000	0.000000	0.000000	0.000000	0.000000	0.000000	0.000000	0.000000	0.000000	1713063615.519742	0.000000
179.000000	9702.646399	-3991.865098	-61307.124651	-58619.930878	-50206.197823	-187500.022352	-55259.703727	-55386.572228	-0.088000	0.856000	0.470000	192.000000	0.000000	0.000000	0.000000	0.000000	0.000000	0.000000	0.000000	0.000000	0.000000	1713063615.523681	0.000000
180.000000	10082.357834	-3946.334594	-61247.087866	-58677.173695	-48085.866640	-187500.022352	-53317.940631	-55191.083871	-0.088000	0.856000	0.470000	192.000000	0.000000	0.000000	0.000000	0.000000	0.000000	0.000000	0.000000	0.000000	0.000000	1713063615.526756	0.000000
181.000000	10129.832939	-3911.108245	-61289.131497	-58679.118297	-47986.356674	-187500.022352	-53365.214570	-55331.050495	-0.088000	0.856000	0.470000	192.000000	0.000000	0.000000	0.000000	0.000000	0.000000	0.000000	0.000000	0.000000	0.000000	1713063615.529723	0.000000
182.000000	9772.182676	-3956.526990	-61317.294695	-58637.231128	-50111.426426	-187500.022352	-55334.827940	-55518.469872	-0.342000	1.080000	0.538000	192.000000	245.000000	80.000000	33.000000	192.000000	16.000000	208.000000	0.000000	0.000000	0.000000	1713063615.533738	0.000000
183.000000	9696.991408	-3999.308228	-61205.245400	-58628.357485	-50479.090271	-187500.022352	-55549.404687	-55364.533408	-0.342000	1.080000	0.538000	192.000000	0.000000	0.000000	0.000000	0.000000	0.000000	0.000000	0.000000	0.000000	0.000000	1713063615.537729	0.000000
184.000000	10058.977909	-3962.517257	-61082.646082	-58686.941408	-48431.625775	-187500.022352	-53627.646402	-55137.193815	-0.342000	1.080000	0.538000	192.000000	0.000000	0.000000	0.000000	0.000000	0.000000	0.000000	0.000000	0.000000	0.000000	1713063615.542734	0.000000
185.000000	10203.280771	-3916.226794	-61089.798640	-58716.333952	-47781.905267	-187500.022352	-53139.283137	-55238.111942	-0.342000	1.080000	0.538000	192.000000	0.000000	0.000000	0.000000	0.000000	0.000000	0.000000	0.000000	0.000000	0.000000	1713063615.546718	0.000000
186.000000	9880.655692	-3951.251978	-61115.301980	-58685.533248	-49768.707129	-187500.022352	-55016.248526	-55461.964662	-0.342000	1.080000	0.538000	192.000000	0.000000	0.000000	0.000000	0.000000	0.000000	0.000000	0.000000	0.000000	0.000000	1713063615.549772	0.000000
187.000000	9705.172146	-4012.607516	-61019.792976	-58700.084233	-50686.559163	-187500.022352	-55745.250672	-55377.720937	-0.342000	1.080000	0.538000	192.000000	0.000000	0.000000	0.000000	0.000000	0.000000	0.000000	0.000000	0.000000	0.000000	1713063615.554779	0.000000
188.000000	10014.989676	-3987.774728	-60883.335576	-58766.066583	-48873.698577	-187500.022352	-54010.844709	-55125.503853	-0.342000	1.080000	0.538000	192.000000	0.000000	0.000000	0.000000	0.000000	0.000000	0.000000	0.000000	0.000000	0.000000	1713063615.558810	0.000000
189.000000	10238.507120	-3934.756390	-60870.237454	-58800.443566	-47715.364124	-187500.022352	-53020.282450	-55153.421182	-0.342000	1.080000	0.538000	192.000000	0.000000	0.000000	0.000000	0.000000	0.000000	0.000000	0.000000	0.000000	0.000000	1713063615.561750	0.000000
190.000000	9971.202608	-3953.442449	-60912.839879	-58774.537894	-49404.641915	-187500.022352	-54651.892740	-55398.485708	-0.342000	1.080000	0.538000	192.000000	0.000000	0.000000	0.000000	0.000000	0.000000	0.000000	0.000000	0.000000	0.000000	1713063615.565781	0.000000
191.000000	9730.295507	-4003.331542	-60812.927581	-58757.975251	-50800.106025	-187500.022352	-55876.366005	-55373.921141	-0.342000	1.080000	0.538000	192.000000	0.000000	0.000000	0.000000	0.000000	0.000000	0.000000	0.000000	0.000000	0.000000	1713063615.570803	0.000000
192.000000	9976.835248	-3986.254810	-60628.480986	-58817.877927	-49313.647963	-187500.022352	-54407.409359	-55111.981048	-0.110000	0.986000	0.532000	192.000000	252.000000	144.000000	30.000000	208.000000	16.000000	160.000000	0.000000	0.000000	0.000000	1713063615.574862	0.000000
193.000000	10267.072650	-3926.396838	-60578.949520	-58865.129514	-47720.840302	-187500.022352	-52946.074658	-55068.082222	-0.110000	0.986000	0.532000	192.000000	0.000000	0.000000	0.000000	0.000000	0.000000	0.000000	0.000000	0.000000	0.000000	1713063615.577821	0.000000
194.000000	10058.642633	-3938.735001	-60669.384679	-58836.206357	-49016.660335	-187500.022352	-54219.967630	-55308.341123	-0.110000	0.986000	0.532000	192.000000	0.000000	0.000000	0.000000	0.000000	0.000000	0.000000	0.000000	0.000000	0.000000	1713063615.581822	0.000000
195.000000	9746.902853	-3994.189679	-60633.800701	-58801.762319	-50782.157574	-187500.022352	-55843.039554	-55346.473199	-0.110000	0.986000	0.532000	192.000000	0.000000	0.000000	0.000000	0.000000	0.000000	0.000000	0.000000	0.000000	0.000000	1713063615.585778	0.000000
196.000000	9904.348541	-3992.289781	-60472.108182	-58840.944927	-49723.243680	-187500.022352	-54778.694186	-55086.924742	-0.110000	0.986000	0.532000	192.000000	0.000000	0.000000	0.000000	0.000000	0.000000	0.000000	0.000000	0.000000	0.000000	1713063615.589777	0.000000
197.000000	10232.919184	-3933.392934	-60429.975144	-58903.328646	-47795.495128	-187500.022352	-52974.617836	-54991.259276	-0.110000	0.986000	0.532000	192.000000	0.000000	0.000000	0.000000	0.000000	0.000000	0.000000	0.000000	0.000000	0.000000	1713063615.593796	0.000000
198.000000	10125.653163	-3909.565974	-60524.634781	-58870.940968	-48565.646835	-187500.022352	-53755.453677	-55199.219906	-0.110000	0.986000	0.532000	192.000000	0.000000	0.000000	0.000000	0.000000	0.000000	0.000000	0.000000	0.000000	0.000000	1713063615.598829	0.000000
199.000000	9776.474211	-3953.487152	-60506.440461	-58794.565057	-50578.913162	-187500.022352	-55659.039993	-55277.294550	-0.110000	0.986000	0.532000	192.000000	0.000000	0.000000	0.000000	0.000000	0.000000	0.000000	0.000000	0.000000	0.000000	1713063615.601818	0.000000
200.000000	9807.699598	-3993.005036	-60358.896596	-58833.613555	-50036.458675	-187500.022352	-55099.195850	-55058.515675	-0.110000	0.986000	0.532000	192.000000	0.000000	0.000000	0.000000	0.000000	0.000000	0.000000	0.000000	0.000000	0.000000	1713063615.604809	0.000000
201.000000	10143.556910	-3942.981832	-60277.446840	-58898.254800	-47889.886545	-187500.022352	-53063.086040	-54906.188536	-0.110000	0.986000	0.532000	192.000000	0.000000	0.000000	0.000000	0.000000	0.000000	0.000000	0.000000	0.000000	0.000000	1713063615.609883	0.000000
202.000000	10115.639581	-3914.617469	-60373.000547	-58894.075023	-48074.668416	-187500.022352	-53303.300238	-55097.407710	-0.076000	0.934000	0.502000	192.000000	253.000000	160.000000	29.000000	48.000000	15.000000	176.000000	0.000000	0.000000	0.000000	1713063615.613825	0.000000
203.000000	9739.884405	-3963.679548	-60419.067492	-58835.088770	-50222.291079	-187500.022352	-55388.807403	-55264.151724	-0.076000	0.934000	0.502000	192.000000	0.000000	0.000000	0.000000	0.000000	0.000000	0.000000	0.000000	0.000000	0.000000	1713063615.617873	0.000000
204.000000	9679.847620	-4002.281010	-60285.985206	-58841.906052	-50278.058681	-187500.022352	-55426.000705	-55090.970408	-0.076000	0.934000	0.502000	192.000000	0.000000	0.000000	0.000000	0.000000	0.000000	0.000000	0.000000	0.000000	0.000000	1713063615.621951	0.000000
205.000000	10020.152929	-3956.839914	-60170.426687	-58906.256724	-48073.841402	-187500.022352	-53307.681180	-54889.782356	-0.076000	0.934000	0.502000	192.000000	0.000000	0.000000	0.000000	0.000000	0.000000	0.000000	0.000000	0.000000	0.000000	1713063615.624981	0.000000
206.000000	10103.904915	-3905.743826	-60234.620897	-58891.728090	-47616.412952	-187500.022352	-52898.241925	-55012.359323	-0.076000	0.934000	0.502000	192.000000	0.000000	0.000000	0.000000	0.000000	0.000000	0.000000	0.000000	0.000000	0.000000	1713063615.628918	0.000000
207.000000	9759.285719	-3934.287004	-60300.782061	-58811.597086	-49694.052302	-187500.022352	-54927.936784	-55201.566839	-0.076000	0.934000	0.502000	192.000000	0.000000	0.000000	0.000000	0.000000	0.000000	0.000000	0.000000	0.000000	0.000000	1713063615.632939	0.000000
208.000000	9624.325886	-3972.106155	-60183.793030	-58799.504793	-50342.588167	-187500.022352	-55553.115076	-55074.139544	-0.076000	0.934000	0.502000	192.000000	0.000000	0.000000	0.000000	0.000000	0.000000	0.000000	0.000000	0.000000	0.000000	1713063615.636912	0.000000
209.000000	9940.290146	-3935.337536	-60033.119921	-58867.319985	-48295.369541	-187500.022352	-53560.054727	-54835.288803	-0.076000	0.934000	0.502000	192.000000	0.000000	0.000000	0.000000	0.000000	0.000000	0.000000	0.000000	0.000000	0.000000	1713063615.641928	0.000000
210.000000	10103.413177	-3886.275457	-60093.469631	-58896.556067	-47280.957971	-187500.022352	-52565.960892	-54907.417882	-0.076000	0.934000	0.502000	192.000000	0.000000	0.000000	0.000000	0.000000	0.000000	0.000000	0.000000	0.000000	0.000000	1713063615.645926	0.000000
211.000000	9791.114603	-3912.047018	-60238.979487	-58840.095561	-49138.946729	-187500.022352	-54368.472620	-55133.662240	-0.076000	0.934000	0.502000	192.000000	0.000000	0.000000	0.000000	0.000000	0.000000	0.000000	0.000000	0.000000	0.000000	1713063615.650000	0.000000
212.000000	9579.309473	-3949.709707	-60176.752231	-58795.526182	-50347.527903	-187500.022352	-55537.759428	-55061.913140	-0.076000	0.928000	0.486000	192.000000	253.000000	160.000000	29.000000	0.000000	15.000000	48.000000	0.000000	0.000000	0.000000	1713063615.652932	0.000000
213.000000	9857.454581	-3918.238451	-60002.766252	-58844.118875	-48607.198728	-187500.022352	-53809.231974	-54795.569753	-0.076000	0.928000	0.486000	192.000000	0.000000	0.000000	0.000000	0.000000	0.000000	0.000000	0.000000	0.000000	0.000000	1713063615.656905	0.000000
214.000000	10110.029293	-3863.499029	-60034.572784	-58883.569704	-47115.152730	-187500.022352	-52282.965455	-54806.857384	-0.076000	0.928000	0.486000	192.000000	0.000000	0.000000	0.000000	0.000000	0.000000	0.000000	0.000000	0.000000	0.000000	1713063615.660935	0.000000
215.000000	9880.566285	-3866.516515	-60171.499571	-58820.940116	-48627.829388	-187500.022352	-53726.061133	-55035.672192	-0.076000	0.928000	0.486000	192.000000	0.000000	0.000000	0.000000	0.000000	0.000000	0.000000	0.000000	0.000000	0.000000	1713063615.664912	0.000000
216.000000	9599.426043	-3924.988678	-60155.182797	-58786.987816	-50276.449356	-187500.022352	-55337.174873	-55043.875282	-0.076000	0.928000	0.486000	192.000000	0.000000	0.000000	0.000000	0.000000	0.000000	0.000000	0.000000	0.000000	0.000000	1713063615.669942	0.000000
217.000000	9803.072787	-3918.283155	-60005.180240	-58827.578584	-48980.450509	-187500.022352	-54038.694982	-54797.044968	-0.076000	0.928000	0.486000	192.000000	0.000000	0.000000	0.000000	0.000000	0.000000	0.000000	0.000000	0.000000	0.000000	1713063615.673961	0.000000
218.000000	10106.765939	-3873.356148	-59999.771118	-58882.720337	-47130.798951	-187500.022352	-52127.307907	-54751.134485	-0.076000	0.928000	0.486000	192.000000	0.000000	0.000000	0.000000	0.000000	0.000000	0.000000	0.000000	0.000000	0.000000	1713063615.676958	0.000000
219.000000	9951.510722	-3868.483468	-60141.145902	-58841.347258	-48171.496173	-187500.022352	-53076.653549	-54981.424508	-0.076000	0.928000	0.486000	192.000000	0.000000	0.000000	0.000000	0.000000	0.000000	0.000000	0.000000	0.000000	0.000000	1713063615.680940	0.000000
220.000000	9619.386151	-3921.233585	-60170.829018	-58778.471801	-50163.014253	-187500.022352	-55045.126980	-55054.291195	-0.076000	0.928000	0.486000	192.000000	0.000000	0.000000	0.000000	0.000000	0.000000	0.000000	0.000000	0.000000	0.000000	1713063615.684997	0.000000
221.000000	9728.619126	-3937.080972	-60034.617488	-58814.748682	-49394.270705	-187500.022352	-54291.984951	-54833.165387	-0.076000	0.928000	0.486000	192.000000	0.000000	0.000000	0.000000	0.000000	0.000000	0.000000	0.000000	0.000000	0.000000	1713063615.689000	0.000000
222.000000	10081.933151	-3876.798317	-59977.687595	-58869.175180	-47294.056093	-187500.022352	-52135.421590	-54714.187052	-0.088000	0.908000	0.464000	192.000000	253.000000	64.000000	28.000000	96.000000	14.000000	128.000000	0.000000	0.000000	0.000000	1713063615.693032	0.000000
223.000000	10019.527080	-3855.944139	-60107.819451	-58834.820549	-47779.893610	-187500.022352	-52519.826891	-54912.245859	-0.088000	0.908000	0.464000	192.000000	0.000000	0.000000	0.000000	0.000000	0.000000	0.000000	0.000000	0.000000	0.000000	1713063615.697996	0.000000
224.000000	9672.650358	-3901.519346	-60161.776562	-58760.545702	-49935.093514	-187500.022352	-54651.177484	-55032.140616	-0.088000	0.908000	0.464000	192.000000	0.000000	0.000000	0.000000	0.000000	0.000000	0.000000	0.000000	0.000000	0.000000	1713063615.702004	0.000000
225.000000	9697.058463	-3919.713666	-60037.970249	-58770.939263	-49735.604195	-187500.022352	-54483.651159	-54840.161483	-0.088000	0.908000	0.464000	192.000000	0.000000	0.000000	0.000000	0.000000	0.000000	0.000000	0.000000	0.000000	0.000000	1713063615.705034	0.000000
226.000000	10048.450237	-3882.855640	-59961.527283	-58843.314212	-47546.720212	-187500.022352	-52236.898510	-54685.152136	-0.088000	0.908000	0.464000	192.000000	0.000000	0.000000	0.000000	0.000000	0.000000	0.000000	0.000000	0.000000	0.000000	1713063615.709013	0.000000
227.000000	10081.262598	-3855.720622	-60079.052756	-58836.072247	-47454.563970	-187500.022352	-52023.037019	-54855.204207	-0.088000	0.908000	0.464000	192.000000	0.000000	0.000000	0.000000	0.000000	0.000000	0.000000	0.000000	0.000000	0.000000	1713063615.713027	0.000000
228.000000	9736.755161	-3897.205460	-60177.087507	-58772.123906	-49632.048563	-187500.022352	-54168.200990	-55039.315526	-0.088000	0.908000	0.464000	192.000000	0.000000	0.000000	0.000000	0.000000	0.000000	0.000000	0.000000	0.000000	0.000000	1713063615.717017	0.000000
229.000000	9658.792276	-3941.327803	-60082.427869	-58778.762374	-50017.303230	-187500.022352	-54597.533297	-54905.853260	-0.088000	0.908000	0.464000	192.000000	0.000000	0.000000	0.000000	0.000000	0.000000	0.000000	0.000000	0.000000	0.000000	1713063615.721051	0.000000
230.000000	10000.528097	-3905.788530	-59976.905284	-58843.895357	-47919.122627	-187500.022352	-52483.728824	-54706.520403	-0.088000	0.908000	0.464000	192.000000	0.000000	0.000000	0.000000	0.000000	0.000000	0.000000	0.000000	0.000000	0.000000	1713063615.726066	0.000000
231.000000	10141.277032	-3847.159904	-60055.426962	-58841.146093	-47224.944499	-187500.022352	-51690.107785	-54806.142128	-0.088000	0.908000	0.464000	192.000000	0.000000	0.000000	0.000000	0.000000	0.000000	0.000000	0.000000	0.000000	0.000000	1713063615.730031	0.000000
232.000000	9808.593668	-3892.019855	-60182.116649	-58788.932418	-49249.632567	-187500.022352	-53674.160382	-55034.353439	-0.058000	0.910000	0.460000	192.000000	254.000000	48.000000	28.000000	112.000000	14.000000	96.000000	0.000000	0.000000	0.000000	1713063615.733063	0.000000
233.000000	9640.642660	-3942.870074	-60109.182907	-58776.504848	-50192.496203	-187500.022352	-54675.071499	-54954.065973	-0.058000	0.910000	0.460000	192.000000	0.000000	0.000000	0.000000	0.000000	0.000000	0.000000	0.000000	0.000000	0.000000	1713063615.737040	0.000000
234.000000	9944.536977	-3914.885690	-59974.938330	-58833.166520	-48316.469588	-187500.022352	-52814.378180	-54723.597136	-0.058000	0.910000	0.460000	192.000000	0.000000	0.000000	0.000000	0.000000	0.000000	0.000000	0.000000	0.000000	0.000000	1713063615.741043	0.000000
235.000000	10158.398468	-3863.051994	-60022.055807	-58853.260738	-47091.638695	-187500.022352	-51494.708835	-54769.842895	-0.058000	0.910000	0.460000	192.000000	0.000000	0.000000	0.000000	0.000000	0.000000	0.000000	0.000000	0.000000	0.000000	1713063615.745092	0.000000
236.000000	9890.222238	-3880.754576	-60173.421821	-58791.189944	-48820.456722	-187500.022352	-53166.619321	-55015.220346	-0.058000	0.910000	0.460000	192.000000	0.000000	0.000000	0.000000	0.000000	0.000000	0.000000	0.000000	0.000000	0.000000	1713063615.749036	0.000000
237.000000	9646.901148	-3934.510521	-60141.861158	-58757.237644	-50261.272521	-187500.022352	-54662.778039	-55000.423491	-0.058000	0.910000	0.460000	192.000000	0.000000	0.000000	0.000000	0.000000	0.000000	0.000000	0.000000	0.000000	0.000000	1713063615.754071	0.000000
238.000000	9880.186305	-3925.972155	-59987.812935	-58814.212240	-48749.758154	-187500.022352	-53184.321902	-54768.501791	-0.058000	0.910000	0.460000	192.000000	0.000000	0.000000	0.000000	0.000000	0.000000	0.000000	0.000000	0.000000	0.000000	1713063615.757123	0.000000
239.000000	10164.813419	-3863.409622	-59983.387289	-58847.784561	-47107.731951	-187500.022352	-51462.254102	-54744.875997	-0.058000	0.910000	0.460000	192.000000	0.000000	0.000000	0.000000	0.000000	0.000000	0.000000	0.000000	0.000000	0.000000	1713063615.761048	0.000000
240.000000	9974.197742	-3861.442669	-60119.375303	-58791.704034	-48395.974743	-187500.022352	-52670.812925	-54970.136877	-0.058000	0.910000	0.460000	192.000000	0.000000	0.000000	0.000000	0.000000	0.000000	0.000000	0.000000	0.000000	0.000000	1713063615.765056	0.000000
241.000000	9667.464753	-3923.938146	-60125.477329	-58752.543778	-50215.630259	-187500.022352	-54524.465445	-55016.829671	-0.058000	0.910000	0.460000	192.000000	0.000000	0.000000	0.000000	0.000000	0.000000	0.000000	0.000000	0.000000	0.000000	1713063615.769097	0.000000
242.000000	9823.792854	-3930.889539	-59977.642891	-58802.723444	-49164.718290	-187500.022352	-53517.698171	-54788.685416	-0.030000	0.910000	0.462000	192.000000	255.000000	16.000000	28.000000	112.000000	14.000000	112.000000	0.000000	0.000000	0.000000	1713063615.773103	0.000000
243.000000	10158.666689	-3866.874143	-59936.470978	-58850.869101	-47214.506234	-187500.022352	-51505.102397	-54701.021874	-0.030000	0.910000	0.462000	192.000000	0.000000	0.000000	0.000000	0.000000	0.000000	0.000000	0.000000	0.000000	0.000000	1713063615.777110	0.000000
244.000000	10038.503711	-3866.225942	-60091.592084	-58823.376456	-47999.410093	-187500.022352	-52203.035617	-54921.901813	-0.030000	0.910000	0.462000	192.000000	0.000000	0.000000	0.000000	0.000000	0.000000	0.000000	0.000000	0.000000	0.000000	1713063615.782195	0.000000
245.000000	9694.800937	-3925.100437	-60143.470483	-58768.704089	-50063.638397	-187500.022352	-54297.014093	-55025.703314	-0.030000	0.910000	0.462000	192.000000	0.000000	0.000000	0.000000	0.000000	0.000000	0.000000	0.000000	0.000000	0.000000	1713063615.785110	0.000000
246.000000	9756.514103	-3954.202408	-60000.128746	-58806.791461	-49563.227542	-187500.022352	-53871.280416	-54824.850538	-0.030000	0.910000	0.462000	192.000000	0.000000	0.000000	0.000000	0.000000	0.000000	0.000000	0.000000	0.000000	0.000000	1713063615.789157	0.000000
247.000000	10112.979724	-3902.301657	-59910.408844	-58872.013852	-47437.598996	-187500.022352	-51711.431350	-54679.608903	-0.030000	0.910000	0.462000	192.000000	0.000000	0.000000	0.000000	0.000000	0.000000	0.000000	0.000000	0.000000	0.000000	1713063615.793161	0.000000
248.000000	10099.926305	-3876.887724	-60032.471720	-58854.601843	-47657.674272	-187500.022352	-51832.175473	-54858.869893	-0.030000	0.910000	0.462000	192.000000	0.000000	0.000000	0.000000	0.000000	0.000000	0.000000	0.000000	0.000000	0.000000	1713063615.797140	0.000000
249.000000	9742.298394	-3932.163588	-60122.750416	-58794.274484	-49819.736161	-187500.022352	-53997.366607	-55015.399160	-0.030000	0.910000	0.462000	192.000000	0.000000	0.000000	0.000000	0.000000	0.000000	0.000000	0.000000	0.000000	0.000000	1713063615.801196	0.000000
250.000000	9714.224602	-3964.953597	-59999.189973	-58808.199621	-49903.465796	-187500.022352	-54156.756897	-54849.303347	-0.030000	0.910000	0.462000	192.000000	0.000000	0.000000	0.000000	0.000000	0.000000	0.000000	0.000000	0.000000	0.000000	1713063615.805128	0.000000
251.000000	10071.450182	-3914.930393	-59882.983253	-58870.695099	-47775.490317	-187500.022352	-52019.259574	-54656.653661	-0.030000	0.910000	0.462000	192.000000	0.000000	0.000000	0.000000	0.000000	0.000000	0.000000	0.000000	0.000000	0.000000	1713063615.809178	0.000000
252.000000	10152.519960	-3877.670035	-59974.804220	-58870.516285	-47399.310458	-187500.022352	-51541.111057	-54786.807869	-0.008000	0.930000	0.470000	192.000000	255.000000	192.000000	29.000000	16.000000	14.000000	176.000000	0.000000	0.000000	0.000000	1713063615.812140	0.000000
253.000000	9813.064016	-3919.020762	-60091.077994	-58810.859479	-49490.182041	-187500.022352	-53614.145948	-54986.766575	-0.008000	0.930000	0.470000	192.000000	0.000000	0.000000	0.000000	0.000000	0.000000	0.000000	0.000000	0.000000	0.000000	1713063615.816187	0.000000
254.000000	9686.553143	-3967.792269	-60006.834269	-58816.849746	-50131.811217	-187500.022352	-54326.741913	-54877.623007	-0.008000	0.930000	0.470000	192.000000	0.000000	0.000000	0.000000	0.000000	0.000000	0.000000	0.000000	0.000000	0.000000	1713063615.821180	0.000000
255.000000	10002.718568	-3938.511483	-59875.584826	-58892.175125	-48158.867438	-187500.022352	-52363.945826	-54668.723603	-0.008000	0.930000	0.470000	192.000000	0.000000	0.000000	0.000000	0.000000	0.000000	0.000000	0.000000	0.000000	0.000000	1713063615.825206	0.000000
0.000000	10162.175913	-3897.943067	-59941.611879	-58921.522966	-47257.131011	-187500.022352	-51378.837392	-54758.957596	-0.008000	0.930000	0.470000	192.000000	0.000000	0.000000	0.000000	0.000000	0.000000	0.000000	0.000000	0.000000	0.000000	1713063615.831204	0.000000
1.000000	9871.826753	-3916.450312	-60068.502732	-58848.544520	-49122.160568	-187500.022352	-53209.914650	-54969.756898	-0.008000	0.930000	0.470000	192.000000	0.000000	0.000000	0.000000	0.000000	0.000000	0.000000	0.000000	0.000000	0.000000	1713063615.834210	0.000000
2.000000	9667.442401	-3967.904027	-60016.043188	-58827.802101	-50268.201562	-187500.022352	-54421.602717	-54907.775510	-0.008000	0.930000	0.470000	192.000000	0.000000	0.000000	0.000000	0.000000	0.000000	0.000000	0.000000	0.000000	0.000000	1713063615.837171	0.000000
3.000000	9951.756591	-3935.717515	-59842.839520	-58869.666918	-48553.711004	-187500.022352	-52743.769019	-54654.172618	-0.008000	0.930000	0.470000	192.000000	0.000000	0.000000	0.000000	0.000000	0.000000	0.000000	0.000000	0.000000	0.000000	1713063615.840258	0.000000
4.000000	10190.920256	-3888.018893	-59863.917215	-58907.463718	-47157.755155	-187500.022352	-51271.906647	-54675.473830	-0.008000	0.930000	0.470000	192.000000	0.000000	0.000000	0.000000	0.000000	0.000000	0.000000	0.000000	0.000000	0.000000	1713063615.844259	0.000000
5.000000	9944.045239	-3913.231661	-60030.325953	-58865.218921	-48682.635866	-187500.022352	-52742.047935	-54924.315801	-0.008000	0.930000	0.470000	192.000000	0.000000	0.000000	0.000000	0.000000	0.000000	0.000000	0.000000	0.000000	0.000000	1713063615.849202	0.000000
6.000000	9664.804895	-3977.984664	-60031.689409	-58834.172348	-50272.694263	-187500.022352	-54388.656245	-54942.308955	0.008000	0.880000	0.470000	192.000000	0.000000	64.000000	27.000000	128.000000	14.000000	176.000000	0.000000	0.000000	0.000000	1713063615.853258	0.000000
7.000000	9871.826753	-3965.646501	-59863.291366	-58874.137267	-48989.972352	-187500.022352	-53158.505637	-54706.699217	0.008000	0.880000	0.470000	192.000000	0.000000	0.000000	0.000000	0.000000	0.000000	0.000000	0.000000	0.000000	0.000000	1713063615.857212	0.000000
8.000000	10184.259437	-3899.083006	-59824.600497	-58905.139137	-47216.808464	-187500.022352	-51318.912365	-54646.662432	0.008000	0.880000	0.470000	192.000000	0.000000	0.000000	0.000000	0.000000	0.000000	0.000000	0.000000	0.000000	0.000000	1713063615.860234	0.000000
9.000000	10024.064484	-3897.026646	-59970.646795	-58867.252930	-48267.049881	-187500.022352	-52292.420243	-54871.744498	0.008000	0.880000	0.470000	192.000000	0.000000	0.000000	0.000000	0.000000	0.000000	0.000000	0.000000	0.000000	0.000000	1713063615.864254	0.000000
10.000000	9695.829117	-3957.398708	-60010.790528	-58827.198604	-50177.095852	-187500.022352	-54242.520540	-54952.009613	0.008000	0.880000	0.470000	192.000000	0.000000	0.000000	0.000000	0.000000	0.000000	0.000000	0.000000	0.000000	0.000000	1713063615.868245	0.000000
11.000000	9823.167005	-3953.442449	-59846.840483	-58840.497892	-49377.171621	-187500.022352	-53518.815758	-54721.294906	0.008000	0.880000	0.470000	192.000000	0.000000	0.000000	0.000000	0.000000	0.000000	0.000000	0.000000	0.000000	0.000000	1713063615.872242	0.000000
12.000000	10155.515093	-3906.481434	-59794.872677	-58907.307256	-47366.006358	-187500.022352	-51474.525210	-54622.366085	0.008000	0.880000	0.470000	192.000000	0.000000	0.000000	0.000000	0.000000	0.000000	0.000000	0.000000	0.000000	0.000000	1713063615.877286	0.000000
13.000000	10084.570656	-3890.634047	-59938.057952	-58886.497782	-47894.602763	-187500.022352	-51929.517320	-54829.410294	0.008000	0.880000	0.470000	192.000000	0.000000	0.000000	0.000000	0.000000	0.000000	0.000000	0.000000	0.000000	0.000000	1713063615.881277	0.000000
14.000000	9728.999106	-3949.977928	-60019.261839	-58841.838997	-49984.222649	-187500.022352	-54040.572529	-54969.511028	0.008000	0.880000	0.470000	192.000000	0.000000	0.000000	0.000000	0.000000	0.000000	0.000000	0.000000	0.000000	0.000000	1713063615.885291	0.000000
15.000000	9745.226472	-3981.002150	-59899.389434	-58873.913750	-49743.807285	-187500.022352	-53871.213361	-54794.563925	0.008000	0.880000	0.470000	192.000000	0.000000	0.000000	0.000000	0.000000	0.000000	0.000000	0.000000	0.000000	0.000000	1713063615.888286	0.000000
16.000000	10103.636694	-3922.865262	-59797.197258	-58912.001122	-47626.582995	-187500.022352	-51744.221359	-54621.002629	-0.040000	0.906000	0.490000	192.000000	254.000000	192.000000	28.000000	80.000000	15.000000	80.000000	0.000000	0.000000	0.000000	1713063615.892294	0.000000
17.000000	10139.332430	-3878.944085	-59907.145489	-58883.480297	-47565.450974	-187500.022352	-51603.472424	-54766.512485	-0.040000	0.906000	0.490000	192.000000	0.000000	0.000000	0.000000	0.000000	0.000000	0.000000	0.000000	0.000000	0.000000	1713063615.896316	0.000000
18.000000	9793.282723	-3922.418227	-60020.401778	-58830.663124	-49664.905627	-187500.022352	-53702.345932	-54944.968813	-0.040000	0.906000	0.490000	192.000000	0.000000	0.000000	0.000000	0.000000	0.000000	0.000000	0.000000	0.000000	0.000000	1713063615.900300	0.000000
19.000000	9717.599716	-3963.858362	-59924.177518	-58844.230633	-50021.125379	-187500.022352	-54149.313766	-54825.856367	-0.040000	0.906000	0.490000	192.000000	0.000000	0.000000	0.000000	0.000000	0.000000	0.000000	0.000000	0.000000	0.000000	1713063615.905300	0.000000
20.000000	10058.039136	-3929.459027	-59802.002883	-58918.214907	-47979.807613	-187500.022352	-52116.847291	-54645.634251	-0.040000	0.906000	0.490000	192.000000	0.000000	0.000000	0.000000	0.000000	0.000000	0.000000	0.000000	0.000000	0.000000	1713063615.909335	0.000000
21.000000	10172.167143	-3900.133538	-59896.617817	-58939.002030	-47340.815942	-187500.022352	-51373.294160	-54770.245227	-0.040000	0.906000	0.490000	192.000000	0.000000	0.000000	0.000000	0.000000	0.000000	0.000000	0.000000	0.000000	0.000000	1713063615.912312	0.000000
22.000000	9854.638261	-3927.179149	-60005.090833	-58860.860331	-49298.381722	-187500.022352	-53313.984372	-54970.673319	-0.040000	0.906000	0.490000	192.000000	0.000000	0.000000	0.000000	0.000000	0.000000	0.000000	0.000000	0.000000	0.000000	1713063615.916363	0.000000
23.000000	9694.353902	-3979.638693	-59919.684818	-58851.405543	-50170.524439	-187500.022352	-54278.037462	-54896.130251	-0.040000	0.906000	0.490000	192.000000	0.000000	0.000000	0.000000	0.000000	0.000000	0.000000	0.000000	0.000000	0.000000	1713063615.920291	0.000000
24.000000	9997.220039	-3956.638748	-59780.075822	-58904.356826	-48321.431675	-187500.022352	-52454.537446	-54680.055938	-0.040000	0.906000	0.490000	192.000000	0.000000	0.000000	0.000000	0.000000	0.000000	0.000000	0.000000	0.000000	0.000000	1713063615.924420	0.000000
25.000000	10205.672408	-3904.358018	-59825.114587	-58915.331532	-47159.409184	-187500.022352	-51190.836870	-54727.508691	-0.040000	0.906000	0.490000	192.000000	0.000000	0.000000	0.000000	0.000000	0.000000	0.000000	0.000000	0.000000	0.000000	1713063615.928344	0.000000
26.000000	9953.298861	-3902.122844	-59947.289222	-58836.139302	-48838.092248	-187500.022352	-52820.368447	-54933.457665	-0.072000	0.846000	0.476000	192.000000	253.000000	192.000000	26.000000	112.000000	14.000000	224.000000	0.000000	0.000000	0.000000	1713063615.932336	0.000000
27.000000	9710.670675	-3959.812696	-59915.348579	-58813.854613	-50193.502032	-187500.022352	-54244.934528	-54914.793958	-0.072000	0.846000	0.476000	192.000000	0.000000	0.000000	0.000000	0.000000	0.000000	0.000000	0.000000	0.000000	0.000000	1713063615.937342	0.000000
28.000000	9937.116198	-3963.590141	-59773.415002	-58885.156677	-48704.205299	-187500.022352	-52805.705703	-54705.089892	-0.072000	0.846000	0.476000	192.000000	0.000000	0.000000	0.000000	0.000000	0.000000	0.000000	0.000000	0.000000	0.000000	1713063615.940317	0.000000
29.000000	10197.558725	-3918.909004	-59788.815354	-58928.027323	-47130.396620	-187500.022352	-51143.853503	-54698.585534	-0.072000	0.846000	0.476000	192.000000	0.000000	0.000000	0.000000	0.000000	0.000000	0.000000	0.000000	0.000000	0.000000	1713063615.944353	0.000000
30.000000	9992.704987	-3918.193748	-59935.085170	-58869.286939	-48430.351726	-187500.022352	-52362.694128	-54917.319705	-0.072000	0.846000	0.476000	192.000000	0.000000	0.000000	0.000000	0.000000	0.000000	0.000000	0.000000	0.000000	0.000000	1713063615.948376	0.000000
31.000000	9688.900076	-3973.067280	-59946.193987	-58825.455168	-50162.522514	-187500.022352	-54138.517873	-54951.473171	-0.072000	0.846000	0.476000	192.000000	0.000000	0.000000	0.000000	0.000000	0.000000	0.000000	0.000000	0.000000	0.000000	1713063615.952376	0.000000
32.000000	9844.848197	-3980.443356	-59798.381901	-58865.911825	-49110.828234	-187500.022352	-53151.755411	-54733.253090	-0.072000	0.846000	0.476000	192.000000	0.000000	0.000000	0.000000	0.000000	0.000000	0.000000	0.000000	0.000000	0.000000	1713063615.956376	0.000000
33.000000	10163.740535	-3923.044076	-59770.173999	-58904.110957	-47220.362392	-187500.022352	-51211.959268	-54658.441801	-0.072000	0.846000	0.476000	192.000000	0.000000	0.000000	0.000000	0.000000	0.000000	0.000000	0.000000	0.000000	0.000000	1713063615.961377	0.000000
34.000000	10034.033362	-3911.398817	-59921.249440	-58868.594035	-48012.955250	-187500.022352	-51913.848747	-54868.414088	-0.072000	0.846000	0.476000	192.000000	0.000000	0.000000	0.000000	0.000000	0.000000	0.000000	0.000000	0.000000	0.000000	1713063615.964398	0.000000
35.000000	9695.806765	-3950.246149	-59967.003461	-58804.846860	-50004.696847	-187500.022352	-53911.379446	-54956.994052	-0.072000	0.846000	0.476000	192.000000	0.000000	0.000000	0.000000	0.000000	0.000000	0.000000	0.000000	0.000000	0.000000	1713063615.967432	0.000000
36.000000	9761.386783	-3967.948731	-59844.046515	-58837.033372	-49489.019750	-187500.022352	-53471.608874	-54769.462916	-0.146000	0.934000	0.500000	192.000000	251.000000	112.000000	29.000000	48.000000	15.000000	160.000000	0.000000	0.000000	0.000000	1713063615.972391	0.000000
37.000000	10106.140090	-3917.344381	-59775.672528	-58883.547352	-47423.562100	-187500.022352	-51408.207584	-54639.286356	-0.146000	0.934000	0.500000	192.000000	0.000000	0.000000	0.000000	0.000000	0.000000	0.000000	0.000000	0.000000	0.000000	1713063615.976430	0.000000
38.000000	10062.755354	-3904.492128	-59915.035655	-58872.282073	-47668.201943	-187500.022352	-51571.643540	-54822.213033	-0.146000	0.934000	0.500000	192.000000	0.000000	0.000000	0.000000	0.000000	0.000000	0.000000	0.000000	0.000000	0.000000	1713063615.980439	0.000000
39.000000	9707.429672	-3949.508542	-60000.955761	-58820.157805	-49766.471954	-187500.022352	-53642.823236	-54976.238904	-0.146000	0.934000	0.500000	192.000000	0.000000	0.000000	0.000000	0.000000	0.000000	0.000000	0.000000	0.000000	0.000000	1713063615.984432	0.000000
40.000000	9688.542448	-3979.281065	-59886.358367	-58839.246194	-49808.761455	-187500.022352	-53739.315717	-54831.310193	-0.146000	0.934000	0.500000	192.000000	0.000000	0.000000	0.000000	0.000000	0.000000	0.000000	0.000000	0.000000	0.000000	1713063615.988445	0.000000
41.000000	10035.732095	-3941.394859	-59792.793964	-58900.221753	-47721.130874	-187500.022352	-51664.179762	-54669.103583	-0.146000	0.934000	0.500000	192.000000	0.000000	0.000000	0.000000	0.000000	0.000000	0.000000	0.000000	0.000000	0.000000	1713063615.992484	0.000000
42.000000	10111.213936	-3899.597096	-59897.333073	-58895.103204	-47385.631190	-187500.022352	-51250.828952	-54807.058550	-0.146000	0.934000	0.500000	192.000000	0.000000	0.000000	0.000000	0.000000	0.000000	0.000000	0.000000	0.000000	0.000000	1713063615.995451	0.000000
43.000000	9774.887237	-3932.990603	-60029.051903	-58844.521206	-49445.724421	-187500.022352	-53266.062232	-55017.813148	-0.146000	0.934000	0.500000	192.000000	0.000000	0.000000	0.000000	0.000000	0.000000	0.000000	0.000000	0.000000	0.000000	1713063615.999479	0.000000
44.000000	9655.931253	-3980.197487	-59990.897476	-58849.371535	-50069.449850	-187500.022352	-53948.371583	-54936.475150	-0.146000	0.934000	0.500000	192.000000	0.000000	0.000000	0.000000	0.000000	0.000000	0.000000	0.000000	0.000000	0.000000	1713063616.004486	0.000000
45.000000	9979.673920	-3954.403574	-59935.733370	-58901.406396	-48086.671303	-187500.022352	-52010.005952	-54756.253035	-0.146000	0.934000	0.500000	192.000000	0.000000	0.000000	0.000000	0.000000	0.000000	0.000000	0.000000	0.000000	0.000000	1713063616.008732	0.000000
46.000000	10134.705619	-3915.869166	-60071.363756	-58908.201326	-47167.679330	-187500.022352	-51037.816827	-54878.025338	-0.136000	0.850000	0.500000	192.000000	251.000000	192.000000	26.000000	144.000000	15.000000	160.000000	0.000000	0.000000	0.000000	1713063616.012486	0.000000
47.000000	9826.296249	-3944.322937	-60255.765647	-58852.791351	-49022.225919	-187500.022352	-52840.529721	-55148.280281	-0.136000	0.850000	0.500000	192.000000	0.000000	0.000000	0.000000	0.000000	0.000000	0.000000	0.000000	0.000000	0.000000	1713063616.016517	0.000000
48.000000	9635.948793	-3990.456938	-60257.419676	-58832.943002	-50154.051203	-187500.022352	-54008.609534	-55150.202531	-0.136000	0.850000	0.500000	192.000000	0.000000	0.000000	0.000000	0.000000	0.000000	0.000000	0.000000	0.000000	0.000000	1713063616.020474	0.000000
49.000000	9923.906317	-3970.318016	-60186.475240	-58875.076041	-48439.515941	-187500.022352	-52383.861230	-54989.314674	-0.136000	0.850000	0.500000	192.000000	0.000000	0.000000	0.000000	0.000000	0.000000	0.000000	0.000000	0.000000	0.000000	1713063616.023535	0.000000
50.000000	10171.563646	-3919.065466	-60267.500313	-58897.092509	-47015.240433	-187500.022352	-50981.177507	-55071.502038	-0.136000	0.850000	0.500000	192.000000	0.000000	0.000000	0.000000	0.000000	0.000000	0.000000	0.000000	0.000000	0.000000	1713063616.028503	0.000000
51.000000	9944.760495	-3911.063541	-60403.063643	-58824.896374	-48500.469148	-187500.022352	-52406.838823	-55329.195300	-0.136000	0.850000	0.500000	192.000000	0.000000	0.000000	0.000000	0.000000	0.000000	0.000000	0.000000	0.000000	0.000000	1713063616.032521	0.000000
52.000000	9680.026433	-3963.433679	-60409.657408	-58785.847877	-50082.324455	-187500.022352	-53962.944920	-55374.658748	-0.136000	0.850000	0.500000	192.000000	0.000000	0.000000	0.000000	0.000000	0.000000	0.000000	0.000000	0.000000	0.000000	1713063616.036528	0.000000
53.000000	9884.209619	-3972.284969	-60327.782968	-58814.346351	-48768.064233	-187500.022352	-52735.342411	-55199.488127	-0.136000	0.850000	0.500000	192.000000	0.000000	0.000000	0.000000	0.000000	0.000000	0.000000	0.000000	0.000000	0.000000	1713063616.040523	0.000000
54.000000	10179.565570	-3921.367695	-60356.057925	-58843.917709	-46931.421391	-187500.022352	-50997.293114	-55194.190764	-0.136000	0.850000	0.500000	192.000000	0.000000	0.000000	0.000000	0.000000	0.000000	0.000000	0.000000	0.000000	0.000000	1713063616.043564	0.000000
55.000000	10018.230679	-3898.323047	-60475.215074	-58782.852743	-47963.110860	-187500.022352	-52000.193536	-55419.675162	-0.116000	0.758000	0.478000	192.000000	252.000000	96.000000	23.000000	176.000000	14.000000	240.000000	0.000000	0.000000	0.000000	1713063616.047542	0.000000
56.000000	9693.996274	-3947.362774	-60494.862258	-58729.007391	-49891.976999	-187500.022352	-53831.740180	-55502.309561	-0.116000	0.758000	0.478000	192.000000	0.000000	0.000000	0.000000	0.000000	0.000000	0.000000	0.000000	0.000000	0.000000	1713063616.051594	0.000000
57.000000	9806.000865	-3967.971083	-60415.781786	-58762.803228	-49098.735940	-187500.022352	-53091.584515	-55346.763771	-0.116000	0.758000	0.478000	192.000000	0.000000	0.000000	0.000000	0.000000	0.000000	0.000000	0.000000	0.000000	0.000000	1713063616.055590	0.000000
58.000000	10123.730913	-3934.152893	-60416.295876	-58817.296781	-47036.340479	-187500.022352	-51174.207172	-55308.944620	-0.116000	0.758000	0.478000	192.000000	0.000000	0.000000	0.000000	0.000000	0.000000	0.000000	0.000000	0.000000	0.000000	1713063616.060544	0.000000
59.000000	10040.135388	-3913.566937	-60513.302447	-58781.735156	-47546.943730	-187500.022352	-51694.198155	-55519.587460	-0.116000	0.758000	0.478000	192.000000	0.000000	0.000000	0.000000	0.000000	0.000000	0.000000	0.000000	0.000000	0.000000	1713063616.064540	0.000000
60.000000	9697.371387	-3947.608643	-60529.909793	-58711.796547	-49657.462496	-187500.022352	-53694.902801	-55635.145978	-0.116000	0.758000	0.478000	192.000000	0.000000	0.000000	0.000000	0.000000	0.000000	0.000000	0.000000	0.000000	0.000000	1713063616.068599	0.000000
61.000000	9707.988466	-3982.030330	-60445.509606	-58737.478702	-49441.209369	-187500.022352	-53482.024787	-55502.533078	-0.116000	0.758000	0.478000	192.000000	0.000000	0.000000	0.000000	0.000000	0.000000	0.000000	0.000000	0.000000	0.000000	1713063616.071607	0.000000
62.000000	10040.582423	-3940.321975	-60403.913010	-58792.173420	-47294.972515	-187500.022352	-51479.040263	-55391.958999	-0.116000	0.758000	0.478000	192.000000	0.000000	0.000000	0.000000	0.000000	0.000000	0.000000	0.000000	0.000000	0.000000	1713063616.075657	0.000000
63.000000	10046.282118	-3902.189899	-60498.840868	-58770.849856	-47227.760819	-187500.022352	-51447.367841	-55553.271538	-0.116000	0.758000	0.478000	192.000000	0.000000	0.000000	0.000000	0.000000	0.000000	0.000000	0.000000	0.000000	0.000000	1713063616.079608	0.000000
64.000000	9685.748480	-3935.605757	-60546.159511	-58698.810184	-49382.357226	-187500.022352	-53473.776993	-55699.787223	-0.116000	0.758000	0.478000	192.000000	0.000000	0.000000	0.000000	0.000000	0.000000	0.000000	0.000000	0.000000	0.000000	1713063616.083590	0.000000
65.000000	9602.354121	-3981.203315	-60473.963377	-58714.724626	-49751.496285	-187500.022352	-53798.279619	-55583.245228	-0.098000	0.846000	0.494000	192.000000	252.000000	240.000000	26.000000	112.000000	15.000000	112.000000	0.000000	0.000000	0.000000	1713063616.088596	0.000000
66.000000	9931.818835	-3950.044984	-60419.246306	-58774.493191	-47681.501231	-187500.022352	-51840.780895	-55424.994877	-0.098000	0.846000	0.494000	192.000000	0.000000	0.000000	0.000000	0.000000	0.000000	0.000000	0.000000	0.000000	0.000000	1713063616.092647	0.000000
67.000000	10023.572746	-3912.561108	-60516.386988	-58783.947978	-47053.596026	-187500.022352	-51266.229304	-55545.046096	-0.098000	0.846000	0.494000	192.000000	0.000000	0.000000	0.000000	0.000000	0.000000	0.000000	0.000000	0.000000	0.000000	1713063616.095634	0.000000
68.000000	9695.247971	-3919.870129	-60585.722099	-58711.461271	-49010.111274	-187500.022352	-53152.582425	-55713.757064	-0.098000	0.846000	0.494000	192.000000	0.000000	0.000000	0.000000	0.000000	0.000000	0.000000	0.000000	0.000000	0.000000	1713063616.099604	0.000000
69.000000	9511.695446	-3979.258714	-60548.126465	-58715.059902	-49903.689313	-187500.022352	-53984.156726	-55650.076944	-0.098000	0.846000	0.494000	192.000000	0.000000	0.000000	0.000000	0.000000	0.000000	0.000000	0.000000	0.000000	0.000000	1713063616.103660	0.000000
70.000000	9807.721950	-3949.910873	-60467.995461	-58758.019955	-48044.001823	-187500.022352	-52220.715847	-55448.888892	-0.098000	0.846000	0.494000	192.000000	0.000000	0.000000	0.000000	0.000000	0.000000	0.000000	0.000000	0.000000	0.000000	1713063616.107663	0.000000
71.000000	9984.256027	-3906.190861	-60537.732904	-58787.747775	-46914.568176	-187500.022352	-51150.380212	-55518.246355	-0.098000	0.846000	0.494000	192.000000	0.000000	0.000000	0.000000	0.000000	0.000000	0.000000	0.000000	0.000000	0.000000	1713063616.111655	0.000000
72.000000	9681.725166	-3921.367695	-60659.102876	-58742.820769	-48666.475554	-187500.022352	-52795.490956	-55729.738561	-0.098000	0.846000	0.494000	192.000000	0.000000	0.000000	0.000000	0.000000	0.000000	0.000000	0.000000	0.000000	0.000000	1713063616.115644	0.000000
73.000000	9430.223337	-3972.955522	-60649.849254	-58715.998675	-50047.433382	-187500.022352	-54074.949512	-55702.581191	-0.098000	0.846000	0.494000	192.000000	0.000000	0.000000	0.000000	0.000000	0.000000	0.000000	0.000000	0.000000	0.000000	1713063616.120685	0.000000
74.000000	9677.545390	-3955.230588	-60574.479172	-58752.387315	-48537.349527	-187500.022352	-52625.036553	-55491.804241	-0.098000	0.846000	0.494000	192.000000	0.000000	0.000000	0.000000	0.000000	0.000000	0.000000	0.000000	0.000000	0.000000	1713063616.123625	0.000000
75.000000	9943.821722	-3900.759387	-60619.696751	-58776.594255	-46984.015046	-187500.022352	-51131.671802	-55490.418433	-0.104000	0.826000	0.502000	192.000000	252.000000	192.000000	25.000000	208.000000	15.000000	176.000000	0.000000	0.000000	0.000000	1713063616.127719	0.000000
